-- Generated by scripts/extract_from_excel.py. Do not edit by hand.
-- Hardware support database: catalog hierarchy + prices + inventory.
BEGIN;

DROP TABLE IF EXISTS inventory, prices, products, solutions, product_lines, technologies CASCADE;

CREATE TABLE technologies (
    id   INTEGER PRIMARY KEY,
    name TEXT NOT NULL
);

CREATE TABLE product_lines (
    id            INTEGER PRIMARY KEY,
    technology_id INTEGER NOT NULL REFERENCES technologies(id),
    name          TEXT NOT NULL
);

CREATE TABLE solutions (
    id          INTEGER PRIMARY KEY,
    line_id     INTEGER NOT NULL REFERENCES product_lines(id),
    name        TEXT NOT NULL,
    description TEXT
);

CREATE TABLE products (
    id              BIGINT PRIMARY KEY,
    solution_id     INTEGER NOT NULL REFERENCES solutions(id),
    family          TEXT,
    name            TEXT NOT NULL,
    variant         TEXT,
    specification   TEXT,
    typecode        TEXT UNIQUE NOT NULL,
    material_number TEXT UNIQUE NOT NULL
);
CREATE INDEX idx_products_typecode ON products (typecode);
CREATE INDEX idx_products_material ON products (material_number);
CREATE INDEX idx_products_solution ON products (solution_id);

CREATE TABLE prices (
    id         SERIAL PRIMARY KEY,
    product_id BIGINT NOT NULL REFERENCES products(id),
    price_ygdc NUMERIC(12, 2) NOT NULL,
    currency   TEXT NOT NULL DEFAULT 'EUR'
);
CREATE INDEX idx_prices_product ON prices (product_id);

CREATE TABLE inventory (
    id              SERIAL PRIMARY KEY,
    product_id      BIGINT NOT NULL REFERENCES products(id),
    stock_level     INTEGER NOT NULL DEFAULT 0,
    warehouse_shelf TEXT
);
CREATE INDEX idx_inventory_product ON inventory (product_id);

-- technologies
INSERT INTO technologies (id, name) VALUES (1, 'CtrlX Automation');
INSERT INTO technologies (id, name) VALUES (2, 'IndraDrive');
INSERT INTO technologies (id, name) VALUES (3, 'IndraMat');

-- product_lines
INSERT INTO product_lines (id, technology_id, name) VALUES (1, 1, 'Automation Software');
INSERT INTO product_lines (id, technology_id, name) VALUES (2, 1, 'General Automation');
INSERT INTO product_lines (id, technology_id, name) VALUES (3, 1, 'Motion & Drives');
INSERT INTO product_lines (id, technology_id, name) VALUES (4, 1, 'Transport');
INSERT INTO product_lines (id, technology_id, name) VALUES (5, 1, 'Service');

-- solutions
INSERT INTO solutions (id, line_id, name, description) VALUES (101, 1, 'ctrlX OS', 'Operating system & Apps');
INSERT INTO solutions (id, line_id, name, description) VALUES (102, 1, 'ctrlX World', 'Ecosystem & Community Apps');
INSERT INTO solutions (id, line_id, name, description) VALUES (103, 1, 'ctrlX IOT', 'IoT solutions & Apps');
INSERT INTO solutions (id, line_id, name, description) VALUES (104, 1, 'ctrlX WORKS', 'Engineering software toolbox');
INSERT INTO solutions (id, line_id, name, description) VALUES (201, 2, 'ctrlX CORE', 'Control platform');
INSERT INTO solutions (id, line_id, name, description) VALUES (202, 2, 'ctrlX I/O', 'I/O system');
INSERT INTO solutions (id, line_id, name, description) VALUES (203, 2, 'ctrlX SAFETY', 'Safety solutions');
INSERT INTO solutions (id, line_id, name, description) VALUES (204, 2, 'ctrlX IPC', 'Industrial PC');
INSERT INTO solutions (id, line_id, name, description) VALUES (205, 2, 'ctrlX HMI', 'HMI solutions');
INSERT INTO solutions (id, line_id, name, description) VALUES (301, 3, 'ctrlX DRIVE', 'Drive system');
INSERT INTO solutions (id, line_id, name, description) VALUES (302, 3, 'ctrlX DRIVE Motors', 'Motors');
INSERT INTO solutions (id, line_id, name, description) VALUES (303, 3, 'ctrlX MOTION', 'Motion, robotics & CNC');
INSERT INTO solutions (id, line_id, name, description) VALUES (401, 4, 'ctrlX FLOW', 'Motion systems');
INSERT INTO solutions (id, line_id, name, description) VALUES (501, 5, 'ctrlX SERVICES', 'Services');

-- products
INSERT INTO products (id, solution_id, family, name, variant, specification, typecode, material_number) VALUES (201001, 201, 'ctrlX CORE', 'ctrlX CORE X3 (con drive integrado)', NULL, 'Drive integrated, Compact, Entry level, 64 Bit Quad Core ARM', 'COREX-C-X3-11-ANNN-21.01-VSRS-NN-NN', 'R914518354');
INSERT INTO products (id, solution_id, family, name, variant, specification, typecode, material_number) VALUES (201002, 201, 'ctrlX CORE', 'ctrlX CORE X3', NULL, 'Compact, Entry level, 64 Bit Quad Core ARM, 4 GB eMMc, 2 GB RAM', 'COREX-M-X3-11-BNNN-21.01-VSRS-NN-NN', 'R914518344');
INSERT INTO products (id, solution_id, family, name, variant, specification, typecode, material_number) VALUES (201003, 201, 'ctrlX COREplus', 'ctrlX CORE X3 plus', NULL, 'Modular, Entry level, Option interfaces, 64 Bit Quad Core, 2 GB RAM', 'COREX-P-X3-11-ANNN-21.01-VSRS-NN-NN', 'R914518345');
INSERT INTO products (id, solution_id, family, name, variant, specification, typecode, material_number) VALUES (201004, 201, 'ctrlX COREplus', 'ctrlX CORE X5', NULL, 'Modular, Mid-range, Intel ATOM Quad Core, 5x Gbit Ethernet, 8 GB RAM', 'COREX-M-X5-21-BNNN-21.01-VSRS-NN-NN', 'R914518350');
INSERT INTO products (id, solution_id, family, name, variant, specification, typecode, material_number) VALUES (201005, 201, 'ctrlX COREplus', 'ctrlX CORE X7', NULL, 'Modular, High-end, Active cooled, Intel Core i7, 5x Gbit Ethernet', 'COREX-M-X7-31-BNNN-21.01-VSRS-NN-NN', 'R914518351');
INSERT INTO products (id, solution_id, family, name, variant, specification, typecode, material_number) VALUES (202001, 202, 'XB - Bus Modules', 'XB-EC-12', NULL, 'EtherCAT Bus Coupler', 'XB-EC-12', 'R911406090');
INSERT INTO products (id, solution_id, family, name, variant, specification, typecode, material_number) VALUES (202002, 202, 'XB - Bus Modules', 'XB-EC-31', NULL, 'EtherCAT Branch', 'XB-EC-31', 'R911406091');
INSERT INTO products (id, solution_id, family, name, variant, specification, typecode, material_number) VALUES (202003, 202, 'XB - Bus Modules', 'XB-ET-31', NULL, 'EtherCAT EoE Switchport', 'XB-ET-31', 'R911406092');
INSERT INTO products (id, solution_id, family, name, variant, specification, typecode, material_number) VALUES (202004, 202, 'XI - Modules', 'XI1 - Digital Inputs', '4 canales', 'DC 24 V, 3 ms input filter, 1-/2-wire tech', 'XI110104', 'R911406095');
INSERT INTO products (id, solution_id, family, name, variant, specification, typecode, material_number) VALUES (202005, 202, 'XI - Modules', 'XI1 - Digital Inputs', '8 canales', 'DC 24 V, 3 ms input filter, 1-/2-wire tech', 'XI110108', 'R911406096');
INSERT INTO products (id, solution_id, family, name, variant, specification, typecode, material_number) VALUES (202006, 202, 'XI - Modules', 'XI1 - Digital Inputs', '16 canales', 'DC 24 V, 3 ms input filter, 1-/2-wire tech', 'XI110116', 'R911406097');
INSERT INTO products (id, solution_id, family, name, variant, specification, typecode, material_number) VALUES (202007, 202, 'XI - Modules', 'XI2 - Digital Outputs', '2 canales', 'DC 24 V, 0.5 A, TimeStamp, High-Speed', 'XI211102', 'R911406099');
INSERT INTO products (id, solution_id, family, name, variant, specification, typecode, material_number) VALUES (202008, 202, 'XI - Modules', 'XI2 - Digital Outputs', '4 canales', 'DC 24 V, 0.5 A, TimeStamp, High-Speed', 'XI211104', 'R911406100');
INSERT INTO products (id, solution_id, family, name, variant, specification, typecode, material_number) VALUES (202009, 202, 'XI - Modules', 'XI2 - Digital Outputs', '8 canales', 'DC 24 V, 0.5 A, TimeStamp, High-Speed', 'XI211108', 'R911406101');
INSERT INTO products (id, solution_id, family, name, variant, specification, typecode, material_number) VALUES (202010, 202, 'XI - Modules', 'XI2 - Digital Outputs', '16 canales', 'DC 24 V, 0.5 A, TimeStamp, High-Speed', 'XI211116', 'R911406102');
INSERT INTO products (id, solution_id, family, name, variant, specification, typecode, material_number) VALUES (202011, 202, 'XI - Modules', 'XI3 - Analog Inputs', '1 canal', '-10V..+10V, 0..20mA, TC, RTD', 'XI312201', 'R911406103');
INSERT INTO products (id, solution_id, family, name, variant, specification, typecode, material_number) VALUES (202012, 202, 'XI - Modules', 'XI3 - Analog Inputs', '2 canales', '-10V..+10V, 0..20mA, TC, RTD', 'XI312202', 'R911406104');
INSERT INTO products (id, solution_id, family, name, variant, specification, typecode, material_number) VALUES (202013, 202, 'XI - Modules', 'XI3 - Analog Inputs', '4 canales', '-10V..+10V, 0..20mA, TC, RTD', 'XI312204', 'R911406105');
INSERT INTO products (id, solution_id, family, name, variant, specification, typecode, material_number) VALUES (202014, 202, 'XI - Modules', 'XI4 - Analog Outputs', '2 canales', '-10 V a +10 V, 16 Bit resolution', 'XI412202', 'R911406110');
INSERT INTO products (id, solution_id, family, name, variant, specification, typecode, material_number) VALUES (202015, 202, 'XI - Modules', 'XI4 - Analog Outputs', '4 canales', '-10 V a +10 V, 16 Bit resolution', 'XI412204', 'R911406111');
INSERT INTO products (id, solution_id, family, name, variant, specification, typecode, material_number) VALUES (202016, 202, 'XI - Modules', 'XI5 - Communication', 'RS232', 'Módulo de comunicación serial', 'XI511101', 'R911406115');
INSERT INTO products (id, solution_id, family, name, variant, specification, typecode, material_number) VALUES (202017, 202, 'XI - Modules', 'XI5 - Communication', 'RS485/422', 'Módulo de comunicación serial', 'XI511102', 'R911406116');
INSERT INTO products (id, solution_id, family, name, variant, specification, typecode, material_number) VALUES (202018, 202, 'XI - Modules', 'XI5 - Communication', 'Modbus-RTU', 'Módulo de comunicación industrial', 'XI511103', 'R911406117');
INSERT INTO products (id, solution_id, family, name, variant, specification, typecode, material_number) VALUES (202019, 202, 'XI - Modules', 'XI5 - Communication', 'IO-Link', 'Módulo de comunicación punto a punto', 'XI511104', 'R911406118');
INSERT INTO products (id, solution_id, family, name, variant, specification, typecode, material_number) VALUES (202020, 202, 'XI - Modules', 'XI6 - Technology Modules', 'SinCos', 'SinCos Encoder Interface, TLL/HTL, SSI', 'XI611101', 'R911406120');
INSERT INTO products (id, solution_id, family, name, variant, specification, typecode, material_number) VALUES (202021, 202, 'XI - Modules', 'XI6 - Technology Modules', 'Incremental', 'Incremental Encoder Interface, TLL/HTL, SSI', 'XI611102', 'R911406121');
INSERT INTO products (id, solution_id, family, name, variant, specification, typecode, material_number) VALUES (202022, 202, 'XI - Modules', 'XI8 - System modules', 'Potential distribution', 'Potential distribution module', 'XI811101', 'R911406125');
INSERT INTO products (id, solution_id, family, name, variant, specification, typecode, material_number) VALUES (202023, 202, 'XI - Modules', 'XI8 - System modules', 'Powerfeeder', 'Powerfeeder P / UL diagnosis', 'XI811102', 'R911406126');
INSERT INTO products (id, solution_id, family, name, variant, specification, typecode, material_number) VALUES (202024, 202, 'XI - Modules', 'ctrlX I/O Drive', NULL, 'Double Axis (12 mm), STO', 'XID-E-01', 'R911406130');
INSERT INTO products (id, solution_id, family, name, variant, specification, typecode, material_number) VALUES (203001, 203, 'ctrlX SAFETY', 'ctrlX DRIVE mit Safe Motion', NULL, '31 Drive-based safety functions, 5 Safe encoder, 3 safe fieldbus protocols', 'CS-DRV-SAFE-01', 'R911175250');
INSERT INTO products (id, solution_id, family, name, variant, specification, typecode, material_number) VALUES (203002, 203, 'ctrlX SAFETY', 'ctrlX SAFETY - C12', NULL, 'Safety PLC, Safety I/O, EtherCAT, ESoE, ctrlX SAFETYlink', 'SAFEX-C.12-11N1-2N.01-NN-NN', 'R911175242');
INSERT INTO products (id, solution_id, family, name, variant, specification, typecode, material_number) VALUES (203003, 203, 'ctrlX SAFETY', 'ctrlX SAFETY - C15', NULL, 'Safety PLC, Safety I/O, EtherCAT, ESoE, SMMC, PROFINET, PROFIsafe', 'SAFEX-C.15-11N1-2N.01-NN-NN', 'R911175245');
INSERT INTO products (id, solution_id, family, name, variant, specification, typecode, material_number) VALUES (203004, 203, 'ctrlX SAFETY', 'SAFEX-M.02', NULL, '10ch Safe DI 24V; 4ch Safe DO 0,5A 24V', 'SAFEX-M.02-11N1-2N', 'R911175262');
INSERT INTO products (id, solution_id, family, name, variant, specification, typecode, material_number) VALUES (203005, 203, 'ctrlX SAFETY', 'SAFEX-M.05', NULL, '4ch Safe DI 24V; 6ch Safe DO 0,5A 24V', 'SAFEX-M.05-11N1-2N', 'R911175265');
INSERT INTO products (id, solution_id, family, name, variant, specification, typecode, material_number) VALUES (203006, 203, 'ctrlX SAFETY', 'SAFEX-M.08', NULL, '2ch Safe Encoder Input', 'SAFEX-M.08-11N1-2N', 'R911175268');
INSERT INTO products (id, solution_id, family, name, variant, specification, typecode, material_number) VALUES (204001, 204, 'ctrlX IPC', 'Compact Box PC - PR2', NULL, 'Intel ATOM 2x/4x Core, RAM 4-8 GB, Linux/Windows', 'PR2100.2-1A1-AA-0-NA-A1-NNNNNN-H', 'R911423570');
INSERT INTO products (id, solution_id, family, name, variant, specification, typecode, material_number) VALUES (204002, 204, 'ctrlX IPC', 'Midrange Box PC - PR4', NULL, 'Intel Core i3/i5/i7, Passive cooling, 16-32 GB RAM, 256GB-1TB Memory', 'PR4100.2-1E3-AA-00-ANN-D1-NNNNNN-H', 'R911430026');
INSERT INTO products (id, solution_id, family, name, variant, specification, typecode, material_number) VALUES (204003, 204, 'ctrlX IPC', 'High-End Box PC - PR5', NULL, 'Intel Core i7, Active cooling, 16-64 GB DDR5, 512GB-1TB Memory', 'PR5300.2-1E3-AA-00-ANN-E1-NNNNNN-H', 'R911430036');
INSERT INTO products (id, solution_id, family, name, variant, specification, typecode, material_number) VALUES (205001, 205, 'ctrlX HMI', 'Web Panel', '7 pulgadas', 'Optimized for HTML5, Entry-level solution', 'WR2107.1-111-AA-000-NN-A1-NN', 'R911411945');
INSERT INTO products (id, solution_id, family, name, variant, specification, typecode, material_number) VALUES (205002, 205, 'ctrlX HMI', 'Web Panel', '10 pulgadas', 'Optimized for HTML5, Entry-level solution', 'WR2110.1-111-AA-000-NN-A1-NN', 'R911411946');
INSERT INTO products (id, solution_id, family, name, variant, specification, typecode, material_number) VALUES (205003, 205, 'ctrlX HMI', 'Web Panel', '15 pulgadas', 'Optimized for HTML5, Entry-level solution', 'VAM15.2-PN-NF-TB-NN-VD-NN', 'R911412928');
INSERT INTO products (id, solution_id, family, name, variant, specification, typecode, material_number) VALUES (205004, 205, 'ctrlX HMI', 'Panel Frame', NULL, 'Frame for 10" consumer tablets, Ergonomic design, Integrated safety', 'PF10.1-A05-AA-NN', 'R911411950');
INSERT INTO products (id, solution_id, family, name, variant, specification, typecode, material_number) VALUES (205005, 205, 'ctrlX HMI', 'Panel PC', NULL, 'Combination of Box PC and multi-touch display, 10" to 21"', 'PR3115.1-1A1-AA-N0N-NN-D1-NNNNNNNNNNNN-H', 'R911403009');
INSERT INTO products (id, solution_id, family, name, variant, specification, typecode, material_number) VALUES (205006, 205, 'ctrlX HMI', 'Display', NULL, 'Displays with housings/built-in, 10" to 24" horizontal/vertical', 'DR0015.1-10-NNN-AA', 'R911381360');
INSERT INTO products (id, solution_id, family, name, variant, specification, typecode, material_number) VALUES (205007, 205, 'ctrlX HMI', 'Machine operating Panel', NULL, 'Compact design, Extension for 15" to 21"', 'VAM21.2-PN-NF-TB-NN-VD-NN', 'R911412930');
INSERT INTO products (id, solution_id, family, name, variant, specification, typecode, material_number) VALUES (301001, 301, 'Cabinet servo drives IP20', 'XID', NULL, 'Inverter, 48Vdc, Double axis, 0,25-0,5 kW', 'XID2-W0005ARN-01NETT0NNNN-S06RSN2NNNN0NN', 'R914514930');
INSERT INTO products (id, solution_id, family, name, variant, specification, typecode, material_number) VALUES (301002, 301, 'Cabinet servo drives IP20', 'XCS', NULL, 'Converter, 1/3x 200-500Vac, Single axis, 0,05-1,5 kW', 'XCS2-W0010ARN-01AETT0NNNN-S06RSN2NNNN0NN', 'R914516462');
INSERT INTO products (id, solution_id, family, name, variant, specification, typecode, material_number) VALUES (301003, 301, 'Cabinet servo drives IP20', 'XCD', NULL, 'Converter, 1/3x 200-500Vac, Single axis, 10-375 kW', 'XCD2-W0015ARN-01AETT0NNNN-S06RSN2NNNN0NN', 'R914516470');
INSERT INTO products (id, solution_id, family, name, variant, specification, typecode, material_number) VALUES (301004, 301, 'Cabinet servo drives IP20', 'XMD', NULL, 'Inverter, 3x 200-500Vac, Double axis, 6-23 A', 'XMD2-W0010ARN-01NETT0NNNN-S06RSN2NNNN0NN', 'R914514950');
INSERT INTO products (id, solution_id, family, name, variant, specification, typecode, material_number) VALUES (301005, 301, 'Cabinet servo drives IP20', 'XVE', NULL, 'Power supply, 3x 200-500Vac, Feed in, 30-125 kW', 'XVE2-W0030ARN-01AETNNNNNN-S05RSN2NNNNNNN', 'R914511578');
INSERT INTO products (id, solution_id, family, name, variant, specification, typecode, material_number) VALUES (301006, 301, 'Cabinet servo drives IP20', 'XVR', NULL, 'Power supply, 3x 200-500Vac, Regenerative, 19-100 kW', 'XVR2-W0030ARN-01AETNNNNNN-S05RSN2NNNNNNN', 'R914511585');
INSERT INTO products (id, solution_id, family, name, variant, specification, typecode, material_number) VALUES (301007, 301, 'Cabinet servo drives IP20', 'HMU', NULL, 'Universal inverter, 3x 380-690Vac, Universal, 110-4 MW', 'HMU2-W0200ARN-01AETNNNNNN-S05RSN2NNNNNNN', 'R914511600');
INSERT INTO products (id, solution_id, family, name, variant, specification, typecode, material_number) VALUES (301008, 301, 'Cabinet-free servo drives IP65', 'KSM', NULL, 'Inverter, 3x 200-500Vac, Motor integrated, Mmax 9-29 Nm', 'KSM2-W0010ARN-01AETT0NNNN-S06RSN2NNNN0NN', 'R914511700');
INSERT INTO products (id, solution_id, family, name, variant, specification, typecode, material_number) VALUES (301009, 301, 'Cabinet-free servo drives IP65', 'XMS', NULL, 'Inverter, 3x 200-500Vac, Single axis, 6-54 A', 'XMS2-W0006ANN-01NETT0NNNN-S06RSN2NNNN0NN', 'R914514943');
INSERT INTO products (id, solution_id, family, name, variant, specification, typecode, material_number) VALUES (301010, 301, 'Cabinet-free servo drives IP65', 'XMD', NULL, 'Inverter, 3x 200-500Vac, Double axis, 6-23 A', 'XMD2-W0006ANN-01NETT0NNNN-S06RSN2NNNN0NN', 'R914511800');
INSERT INTO products (id, solution_id, family, name, variant, specification, typecode, material_number) VALUES (301011, 301, 'Cabinet-free servo drives IP65', 'XVE', NULL, 'Power supply, 3x 200-500Vac, Feed in, 10-48 kW', 'XVE2-W0015ARN-01AETNNNNNN-S05RSN2NNNNNNN', 'R914511900');
INSERT INTO products (id, solution_id, family, name, variant, specification, typecode, material_number) VALUES (301012, 301, 'DC-DC Converter', 'XMV', NULL, 'DC-DC Converter, 50-210 A', 'XMV2-W0080ANC-01AETNNNNNN-S05RSN2NNNPNNN', 'R914512000');
INSERT INTO products (id, solution_id, family, name, variant, specification, typecode, material_number) VALUES (302001, 302, 'Servo motors (Synchronous)', 'MS2M', NULL, 'Ultra-compact, Mmax 0.5-14.3 Nm', 'MS2M01-A0BYN-IMHG0-NNDNN-NN', 'R911426050');
INSERT INTO products (id, solution_id, family, name, variant, specification, typecode, material_number) VALUES (302002, 302, 'Servo motors (Synchronous)', 'MS2S', NULL, 'Standard, Mmax 0.7-22.6 Nm', 'MS2S02-A0BYN-IMHG0-NNDNN-NN', 'R911426073');
INSERT INTO products (id, solution_id, family, name, variant, specification, typecode, material_number) VALUES (302003, 302, 'Servo motors (Synchronous)', 'MS2N', NULL, 'Performance, Mmax 0.7-692 Nm', 'MS2N04-A0BYN-IMHG0-NNDNN-NN', 'R911426080');
INSERT INTO products (id, solution_id, family, name, variant, specification, typecode, material_number) VALUES (302004, 302, 'Servo motors (Synchronous)', 'MS2E', NULL, 'EX 3G/3D, Mmax 4-266 Nm', 'MS2E03-B0BYN-CMSG0-NNNAN-NN', 'R914512314');
INSERT INTO products (id, solution_id, family, name, variant, specification, typecode, material_number) VALUES (302005, 302, 'Servo motors (Synchronous)', 'MKE', NULL, 'EX 2G/2D, Mmax 4-187 Nm', 'MKE04-A0BYN-IMHG0-NNDNN-NN', 'R911426100');
INSERT INTO products (id, solution_id, family, name, variant, specification, typecode, material_number) VALUES (302006, 302, 'Servo motors (Asynchronous)', 'MAD/MAF', NULL, 'Force-ventilated, water-cooled, Pn 1.8-120 kW', 'MAD100B-0050-SA-N0-AH0-05-N1', 'R911305044');
INSERT INTO products (id, solution_id, family, name, variant, specification, typecode, material_number) VALUES (302007, 302, 'Rotative Kit motors', 'MBT Gen2', NULL, 'Torque, synchronous, Mmax 15-1800 Nm', 'MBT04-A0BYN-IMHG0-NNDNN-NN', 'R911426120');
INSERT INTO products (id, solution_id, family, name, variant, specification, typecode, material_number) VALUES (302008, 302, 'Rotative Kit motors', 'MBS', NULL, 'High-Speed-synchronous, Pn 3-47 kW', 'MBS04-A0BYN-IMHG0-NNDNN-NN', 'R911426130');
INSERT INTO products (id, solution_id, family, name, variant, specification, typecode, material_number) VALUES (302009, 302, 'Rotative Kit motors', '1MB', NULL, 'High-Speed-asynchronous, Pn 3-55 kW', '1MB04-A0BYN-IMHG0-NNDNN-NN', 'R911426140');
INSERT INTO products (id, solution_id, family, name, variant, specification, typecode, material_number) VALUES (302010, 302, 'Linear Kit motors', 'MLF', NULL, 'Iron core, water-cooled, Fmax 800-21500 N', 'MLP040A-0300-FS-N0CN-NNNN', 'R911305838');
INSERT INTO products (id, solution_id, family, name, variant, specification, typecode, material_number) VALUES (302011, 302, 'Linear Kit motors', 'ML3', NULL, 'Iron core, self-cooled, Fmax 120-4500 N', 'ML3P03-ANBWN-BAFNA-NN', 'R911430064');
INSERT INTO products (id, solution_id, family, name, variant, specification, typecode, material_number) VALUES (302012, 302, 'Linear Kit motors', 'MCL', NULL, 'Iron less, self-cooled, Fmax 24-3320 N', 'MCP015A-L040-NT-N0FN-NNNN', 'R911332370');
INSERT INTO products (id, solution_id, family, name, variant, specification, typecode, material_number) VALUES (302013, 302, 'Cables & Accessories', 'Cables & Accessories', NULL, 'Cables and connection accessories', 'XACC-CABLE-CONN-01', 'R911382455');
INSERT INTO products (id, solution_id, family, name, variant, specification, typecode, material_number) VALUES (302014, 302, 'Gearboxes', 'Gearboxes', NULL, 'Planetary and right-angle gearboxes', 'GTE040-NN1-003B-NN01', 'R911430280');
INSERT INTO products (id, solution_id, family, name, variant, specification, typecode, material_number) VALUES (101001, 101, 'ctrlX OS', 'ctrlX OS License', 'EtherCAT Master', 'SWL-XC*-ECM-ETHERCATMAS**-BANN', 'SWL-XC*-ECM-ETHERCATMAS**-BANN', 'R911400508');
INSERT INTO products (id, solution_id, family, name, variant, specification, typecode, material_number) VALUES (101002, 101, 'ctrlX OS', 'ctrlX OS License', 'EtherNet/IP Adapter', 'SWL-XC*-EIA-ETHERNETIPA**-NNNN', 'SWL-XC*-EIA-ETHERNETIPA**-NNNN', 'R911420593');
INSERT INTO products (id, solution_id, family, name, variant, specification, typecode, material_number) VALUES (101003, 101, 'ctrlX OS', 'ctrlX OS License', 'Modbus TCP', 'SWL-XC*-MBT-MODBUSTCP****-NNNN', 'SWL-XC*-MBT-MODBUSTCP****-NNNN', 'R911413192');
INSERT INTO products (id, solution_id, family, name, variant, specification, typecode, material_number) VALUES (101004, 101, 'ctrlX OS', 'ctrlX OS License', 'OPC UA Client', 'SWL-XC*-UAC-OPCUACLIENT**-NNNN', 'SWL-XC*-UAC-OPCUACLIENT**-NNNN', 'R911401476');
INSERT INTO products (id, solution_id, family, name, variant, specification, typecode, material_number) VALUES (101005, 101, 'ctrlX OS', 'ctrlX OS License', 'OPC UA Server', 'SWL-XC*-UAS-OPCUASERVER**-NNNN', 'SWL-XC*-UAS-OPCUASERVER**-NNNN', 'R911397816');
INSERT INTO products (id, solution_id, family, name, variant, specification, typecode, material_number) VALUES (101006, 101, 'ctrlX OS', 'ctrlX OS License', 'OPC UA Pub/Sub', 'SWL-XC*-UAP-OPCUAPUBSUB**-NNNN', 'SWL-XC*-UAP-OPCUAPUBSUB**-NNNN', 'R911416700');
INSERT INTO products (id, solution_id, family, name, variant, specification, typecode, material_number) VALUES (101007, 101, 'ctrlX OS', 'ctrlX OS License', 'PROFINET device', 'SWL-XC*-PND-PROFINETDEV**-NNNN', 'SWL-XC*-PND-PROFINETDEV**-NNNN', 'R911412495');
INSERT INTO products (id, solution_id, family, name, variant, specification, typecode, material_number) VALUES (101008, 101, 'ctrlX OS', 'ctrlX OS License', 'HSR / PRP redundant', 'SWL-XC*-XCR-HSRPRP*****-NNNN', 'SWL-XC*-XCR-HSRPRP*****-NNNN', 'R911427576');
INSERT INTO products (id, solution_id, family, name, variant, specification, typecode, material_number) VALUES (101009, 101, 'ctrlX OS', 'ctrlX OS License', 'Customer App License', 'SWL-XC*-RUN-DLACCESSNRT**-NNNN', 'SWL-XC*-RUN-DLACCESSNRT**-NNNN', 'R911401462');
INSERT INTO products (id, solution_id, family, name, variant, specification, typecode, material_number) VALUES (101010, 101, 'ctrlX OS', 'ctrlX OS License', 'Container Engine', 'SWL-XC*-DOE-DOCKERENGINE*-NNNN', 'SWL-XC*-DOE-DOCKERENGINE*-NNNN', 'R911409943');
INSERT INTO products (id, solution_id, family, name, variant, specification, typecode, material_number) VALUES (101011, 101, 'ctrlX OS', 'ctrlX OS License', 'Key Value Database', 'SWL-XC*-KVD-KEYVALUE*DB**-NNNN', 'SWL-XC*-KVD-KEYVALUE*DB**-NNNN', 'R911418610');
INSERT INTO products (id, solution_id, family, name, variant, specification, typecode, material_number) VALUES (101012, 101, 'ctrlX OS', 'ctrlX OS License', 'Model Connect Basic', 'SWL-XC*-MOC-SIMULINK*****-BANN', 'SWL-XC*-MOC-SIMULINK*****-BANN', 'R911421259');
INSERT INTO products (id, solution_id, family, name, variant, specification, typecode, material_number) VALUES (101013, 101, 'ctrlX OS', 'ctrlX OS License', 'Model Connect Adv', 'SWL-XC*-MOC-SIMULINK*****-ADNN', 'SWL-XC*-MOC-SIMULINK*****-ADNN', 'R911427568');
INSERT INTO products (id, solution_id, family, name, variant, specification, typecode, material_number) VALUES (101014, 101, 'ctrlX OS', 'ctrlX OS License', 'Python Runtime', 'SWL-XC*-PYR-PYTHONRUNTIME-NNNN', 'SWL-XC*-PYR-PYTHONRUNTIME-NNNN', 'R911404540');
INSERT INTO products (id, solution_id, family, name, variant, specification, typecode, material_number) VALUES (101015, 101, 'ctrlX OS', 'ctrlX OS License', 'Firewall Basic', 'SWL-XC*-FRW-FIREWALL*****-BANN', 'SWL-XC*-FRW-FIREWALL*****-BANN', 'R911430062');
INSERT INTO products (id, solution_id, family, name, variant, specification, typecode, material_number) VALUES (101016, 101, 'ctrlX OS', 'ctrlX OS License', 'Firewall License', 'SWL-XC*-FRW-FIREWALL*****-NNNN', 'SWL-XC*-FRW-FIREWALL*****-NNNN', 'R911400505');
INSERT INTO products (id, solution_id, family, name, variant, specification, typecode, material_number) VALUES (101017, 101, 'ctrlX OS', 'ctrlX OS License', 'Security Scanner', 'SWL-XC*-SSC-SECURITYSCN-Y1NN', 'SWL-XC*-SSC-SECURITYSCN-Y1NN', 'R911422403');
INSERT INTO products (id, solution_id, family, name, variant, specification, typecode, material_number) VALUES (101018, 101, 'ctrlX OS', 'ctrlX OS License', 'VPN Client License', 'SWL-XC*-VPN-VPNCLIENT****-NNNN', 'SWL-XC*-VPN-VPNCLIENT****-NNNN', 'R911400506');
INSERT INTO products (id, solution_id, family, name, variant, specification, typecode, material_number) VALUES (101019, 101, 'ctrlX OS', 'ctrlX OS License', 'Motion Std 10 Axes', 'SWL-XC*-MOT-STDMOTION**10-NNNN', 'SWL-XC*-MOT-STDMOTION**10-NNNN', 'R911414460');
INSERT INTO products (id, solution_id, family, name, variant, specification, typecode, material_number) VALUES (101020, 101, 'ctrlX OS', 'ctrlX OS License', 'Motion 20 Axes', 'SWL-XC*-MOT-AXIS20*****-NNNN', 'SWL-XC*-MOT-AXIS20*****-NNNN', 'R911427889');
INSERT INTO products (id, solution_id, family, name, variant, specification, typecode, material_number) VALUES (101021, 101, 'ctrlX OS', 'ctrlX OS License', 'Motion 40 Axes', 'SWL-XC*-MOT-AXIS40*****-NNNN', 'SWL-XC*-MOT-AXIS40*****-NNNN', 'R911427890');
INSERT INTO products (id, solution_id, family, name, variant, specification, typecode, material_number) VALUES (101022, 101, 'ctrlX OS', 'ctrlX OS License', 'Motion unlimited Axes', 'SWL-XC*-MOT-AXIS*MAX*****-NNNN', 'SWL-XC*-MOT-AXIS*MAX*****-NNNN', 'R911427891');
INSERT INTO products (id, solution_id, family, name, variant, specification, typecode, material_number) VALUES (101023, 101, 'ctrlX OS', 'ctrlX OS License', 'Motion Cartesian', 'SWL-XC*-MOT-CARTESIAN****-NNNN', 'SWL-XC*-MOT-CARTESIAN****-NNNN', 'R911400509');
INSERT INTO products (id, solution_id, family, name, variant, specification, typecode, material_number) VALUES (101024, 101, 'ctrlX OS', 'ctrlX OS License', 'Motion Delta/Scara', 'SWL-XC*-MOT-KINLEVEL2**-NNNN', 'SWL-XC*-MOT-KINLEVEL2**-NNNN', 'R911421232');
INSERT INTO products (id, solution_id, family, name, variant, specification, typecode, material_number) VALUES (101025, 101, 'ctrlX OS', 'ctrlX OS License', 'Motion Articulated', 'SWL-XC*-MOT-KINLEVEL3**-NNNN', 'SWL-XC*-MOT-KINLEVEL3**-NNNN', 'R911421233');
INSERT INTO products (id, solution_id, family, name, variant, specification, typecode, material_number) VALUES (101026, 101, 'ctrlX OS', 'ctrlX OS License', 'Motion Electronic Gear', 'SWL-XC*-MOT-ELECGEAR*****-NNNN', 'SWL-XC*-MOT-ELECGEAR*****-NNNN', 'R911417791');
INSERT INTO products (id, solution_id, family, name, variant, specification, typecode, material_number) VALUES (101027, 101, 'ctrlX OS', 'ctrlX OS License', 'Motion Cam', 'SWL-XC*-MOT-CAM*********-NNNN', 'SWL-XC*-MOT-CAM*********-NNNN', 'R911417993');
INSERT INTO products (id, solution_id, family, name, variant, specification, typecode, material_number) VALUES (101028, 101, 'ctrlX OS', 'ctrlX OS License', 'Motion Flexprofile', 'SWL-XC*-MOT-FLEXPROFILE**-NNNN', 'SWL-XC*-MOT-FLEXPROFILE**-NNNN', 'R911417994');
INSERT INTO products (id, solution_id, family, name, variant, specification, typecode, material_number) VALUES (101029, 101, 'ctrlX OS', 'ctrlX OS License', 'Motion SDK Basic', 'SWL-XC*-RUN-MOTSDK*****-NNNN', 'SWL-XC*-RUN-MOTSDK*****-NNNN', 'R911427354');
INSERT INTO products (id, solution_id, family, name, variant, specification, typecode, material_number) VALUES (101030, 101, 'ctrlX OS', 'ctrlX OS License', 'G-Code Runtime', 'SWL-XC*-GCO-GCORUNTIME*-BANN', 'SWL-XC*-GCO-GCORUNTIME*-BANN', 'R911420238');
INSERT INTO products (id, solution_id, family, name, variant, specification, typecode, material_number) VALUES (101031, 101, 'ctrlX OS', 'ctrlX OS License', 'Motion HMI Basic', 'SWL-XC*-HMI-MOTIONBASIC-NNNN', 'SWL-XC*-HMI-MOTIONBASIC-NNNN', 'R911430690');
INSERT INTO products (id, solution_id, family, name, variant, specification, typecode, material_number) VALUES (101032, 101, 'ctrlX OS', 'ctrlX OS License', 'PLC Standard Packet', 'SWL-XC*-PLC-PLCXOSPKT**-NNNN', 'SWL-XC*-PLC-PLCXOSPKT**-NNNN', 'R911428550');
INSERT INTO products (id, solution_id, family, name, variant, specification, typecode, material_number) VALUES (101033, 101, 'ctrlX OS', 'ctrlX OS License', 'PLC Advanced Packet', 'SWL-XC*-PLC-PLCXOSPKT**-ADNN', 'SWL-XC*-PLC-PLCXOSPKT**-ADNN', 'R911428548');
INSERT INTO products (id, solution_id, family, name, variant, specification, typecode, material_number) VALUES (101034, 101, 'ctrlX OS', 'ctrlX OS License', 'PLC Performance', 'SWL-XC*-PLC-PLCXOSPKT**-PRNN', 'SWL-XC*-PLC-PLCXOSPKT**-PRNN', 'R911428549');
INSERT INTO products (id, solution_id, family, name, variant, specification, typecode, material_number) VALUES (101035, 101, 'ctrlX OS', 'ctrlX OS License', 'IDE Textual Code', 'SWL-XC*-IDE-TEXTUALCODE**-NNNN', 'SWL-XC*-IDE-TEXTUALCODE**-NNNN', 'R911409788');
INSERT INTO products (id, solution_id, family, name, variant, specification, typecode, material_number) VALUES (101036, 101, 'ctrlX OS', 'ctrlX OS License', 'IDE Visual Code', 'SWL-XC*-IDE-VISUALCODE***-NNNN', 'SWL-XC*-IDE-VISUALCODE***-NNNN', 'R911409789');
INSERT INTO products (id, solution_id, family, name, variant, specification, typecode, material_number) VALUES (101037, 101, 'ctrlX OS', 'ctrlX OS License', '3D Viewer Basic', 'SWL-XC*-3DV-3DVIEWER*****-BANN', 'SWL-XC*-3DV-3DVIEWER*****-BANN', 'R911427566');
INSERT INTO products (id, solution_id, family, name, variant, specification, typecode, material_number) VALUES (101038, 101, 'ctrlX OS', 'ctrlX OS License', '3D Viewer Advanced', 'SWL-XC*-3DV-3DVIEWER*****-ADNN', 'SWL-XC*-3DV-3DVIEWER*****-ADNN', 'R911427567');
INSERT INTO products (id, solution_id, family, name, variant, specification, typecode, material_number) VALUES (102001, 102, 'ctrlX World', 'ctrlX World License', 'Mosquitto MQTT Broker (110)', 'SWL-W-XC*-MQTTB**110CDL-Y1NN', 'SWL-W-XC*-MQTTB**110CDL-Y1NN', 'R911413479');
INSERT INTO products (id, solution_id, family, name, variant, specification, typecode, material_number) VALUES (102002, 102, 'ctrlX World', 'ctrlX World License', 'Mosquitto MQTT Broker (1100)', 'SWL-W-XC*-MQTTB1100*CDL-Y1NN', 'SWL-W-XC*-MQTTB1100*CDL-Y1NN', 'R911413483');
INSERT INTO products (id, solution_id, family, name, variant, specification, typecode, material_number) VALUES (102003, 102, 'ctrlX World', 'ctrlX World License', 'EEBUS Connector', 'SWL-W-XC*-EEBUSCONWAGO*-NNNN', 'SWL-W-XC*-EEBUSCONWAGO*-NNNN', 'R911426850');
INSERT INTO products (id, solution_id, family, name, variant, specification, typecode, material_number) VALUES (102004, 102, 'ctrlX World', 'ctrlX World License', 'BCI - Nexeed Control S', 'SWL-W-XC*-NXCPSBCI*****-NNNN', 'SWL-W-XC*-NXCPSBCI*****-NNNN', 'R911417788');
INSERT INTO products (id, solution_id, family, name, variant, specification, typecode, material_number) VALUES (102005, 102, 'ctrlX World', 'ctrlX World License', 'BCI - Nexeed Control M', 'SWL-W-XC*-NXCPMBCI*****-NNNN', 'SWL-W-XC*-NXCPMBCI*****-NNNN', 'R911417790');
INSERT INTO products (id, solution_id, family, name, variant, specification, typecode, material_number) VALUES (102006, 102, 'ctrlX World', 'ctrlX World License', 'BCI - Nexeed Control L', 'SWL-W-XC*-NXCPLBCI*****-NNNN', 'SWL-W-XC*-NXCPLBCI*****-NNNN', 'R911417795');
INSERT INTO products (id, solution_id, family, name, variant, specification, typecode, material_number) VALUES (102007, 102, 'ctrlX World', 'ctrlX World License', 'BCI - Nexeed Cycle Time', 'SWL-W-XC*-NXCABCI******-NNNN', 'SWL-W-XC*-NXCABCI******-NNNN', 'R911412075');
INSERT INTO products (id, solution_id, family, name, variant, specification, typecode, material_number) VALUES (102008, 102, 'ctrlX World', 'ctrlX World License', 'BCI - Nexeed Virtual Assist', 'SWL-W-XC*-NXVABCI******-NNNN', 'SWL-W-XC*-NXVABCI******-NNNN', 'R911412073');
INSERT INTO products (id, solution_id, family, name, variant, specification, typecode, material_number) VALUES (102009, 102, 'ctrlX World', 'ctrlX World License', 'Cordis SUITE Platform', 'SWL-W-XC*-CMCPCRDS*****-NNNN', 'SWL-W-XC*-CMCPCRDS*****-NNNN', 'R911415682');
INSERT INTO products (id, solution_id, family, name, variant, specification, typecode, material_number) VALUES (102010, 102, 'ctrlX World', 'ctrlX World License', 'Cordis SUITE Server', 'SWL-W-XC*-CMCSCRDS*****-NNNN', 'SWL-W-XC*-CMCSCRDS*****-NNNN', 'R911415684');
INSERT INTO products (id, solution_id, family, name, variant, specification, typecode, material_number) VALUES (102011, 102, 'ctrlX World', 'ctrlX World License', 'OEE.AI Cloud Connector', 'SWL-W-XC*-CONNOEEAIIFP*-Y1NN', 'SWL-W-XC*-CONNOEEAIIFP*-Y1NN', 'R911413998');
INSERT INTO products (id, solution_id, family, name, variant, specification, typecode, material_number) VALUES (102012, 102, 'ctrlX World', 'ctrlX World License', 'WebIQ Server 150 Tags', 'SWL-W-XC*-WIQRUD150-NNNN', 'SWL-W-XC*-WIQRUD150-NNNN', 'R911410792');
INSERT INTO products (id, solution_id, family, name, variant, specification, typecode, material_number) VALUES (102013, 102, 'ctrlX World', 'ctrlX World License', 'WebIQ Server 500 Tags', 'SWL-W-XC*-WIQRUD500-NNNN', 'SWL-W-XC*-WIQRUD500-NNNN', 'R911410793');
INSERT INTO products (id, solution_id, family, name, variant, specification, typecode, material_number) VALUES (102014, 102, 'ctrlX World', 'ctrlX World License', 'WebIQ Server 1K Tags', 'SWL-W-XC*-WIQRUD*001K-NNNN', 'SWL-W-XC*-WIQRUD*001K-NNNN', 'R911410794');
INSERT INTO products (id, solution_id, family, name, variant, specification, typecode, material_number) VALUES (102015, 102, 'ctrlX World', 'ctrlX World License', 'WebIQ Server 2K Tags', 'SWL-W-XC*-WIQRUD*002K-NNNN', 'SWL-W-XC*-WIQRUD*002K-NNNN', 'R911425190');
INSERT INTO products (id, solution_id, family, name, variant, specification, typecode, material_number) VALUES (102016, 102, 'ctrlX World', 'ctrlX World License', 'WebIQ Server 4K Tags', 'SWL-W-XC*-WIQRUD*004K-NNNN', 'SWL-W-XC*-WIQRUD*004K-NNNN', 'R911410795');
INSERT INTO products (id, solution_id, family, name, variant, specification, typecode, material_number) VALUES (102017, 102, 'ctrlX World', 'ctrlX World License', 'WebIQ Server 7K5 Tags', 'SWL-W-XC*-WIQRUD7K5-NNNN', 'SWL-W-XC*-WIQRUD7K5-NNNN', 'R911421428');
INSERT INTO products (id, solution_id, family, name, variant, specification, typecode, material_number) VALUES (102018, 102, 'ctrlX World', 'ctrlX World License', 'WebIQ Server 10K Tags', 'SWL-W-XC*-WIQRUD10K-NNNN', 'SWL-W-XC*-WIQRUD10K-NNNN', 'R911421429');
INSERT INTO products (id, solution_id, family, name, variant, specification, typecode, material_number) VALUES (102019, 102, 'ctrlX World', 'ctrlX World License', 'WebIQ Server unlimited', 'SWL-W-XC*-WIQ**RUDUNLIM-NNNN', 'SWL-W-XC*-WIQ**RUDUNLIM-NNNN', 'R911421430');
INSERT INTO products (id, solution_id, family, name, variant, specification, typecode, material_number) VALUES (102020, 102, 'ctrlX World', 'ctrlX World License', 'WebIQ Server 3 Clients', 'SWL-W-XC*-WIQRUN*CL03-NNNN', 'SWL-W-XC*-WIQRUN*CL03-NNNN', 'R911410796');
INSERT INTO products (id, solution_id, family, name, variant, specification, typecode, material_number) VALUES (102021, 102, 'ctrlX World', 'ctrlX World License', 'WebIQ Server 3 IO Handler', 'SWL-W-XC*-WIQRUN*HL03-NNNN', 'SWL-W-XC*-WIQRUN*HL03-NNNN', 'R911410797');
INSERT INTO products (id, solution_id, family, name, variant, specification, typecode, material_number) VALUES (102022, 102, 'ctrlX World', 'ctrlX World License', 'FlowFuse - Node Red', 'SWL-W-XC*-NREDFLOW*****-Y1NN', 'SWL-W-XC*-NREDFLOW*****-Y1NN', 'R911420226');
INSERT INTO products (id, solution_id, family, name, variant, specification, typecode, material_number) VALUES (102023, 102, 'ctrlX World', 'ctrlX World License', 'IXON Cloud Connector', 'SWL-W-XC*-IXAGIXONREMOT-NNNN', 'SWL-W-XC*-IXAGIXONREMOT-NNNN', 'R911422340');
INSERT INTO products (id, solution_id, family, name, variant, specification, typecode, material_number) VALUES (102024, 102, 'ctrlX World', 'ctrlX World License', 'WITTENSTEIN Monitor', 'SWL-W-XC*-WGCMWGRP*****-NNNN', 'SWL-W-XC*-WGCMWGRP*****-NNNN', 'R911412778');
INSERT INTO products (id, solution_id, family, name, variant, specification, typecode, material_number) VALUES (102025, 102, 'ctrlX World', 'ctrlX World License', 'WITTENSTEIN Teach-in', 'SWL-W-XC*-WGCTWGRP*****-NNNN', 'SWL-W-XC*-WGCTWGRP*****-NNNN', 'R911412780');
INSERT INTO products (id, solution_id, family, name, variant, specification, typecode, material_number) VALUES (102026, 102, 'ctrlX World', 'ctrlX World License', 'WITTENSTEIN Gateway', 'SWL-W-XC*-WGDGWGRP*****-NNNN', 'SWL-W-XC*-WGDGWGRP*****-NNNN', 'R911412782');
INSERT INTO products (id, solution_id, family, name, variant, specification, typecode, material_number) VALUES (102027, 102, 'ctrlX World', 'ctrlX World License', 'ROKIT Locator Client', 'SWL-XC*-REX-ROKIT*LOCATOR-NNNN', 'SWL-XC*-REX-ROKIT*LOCATOR-NNNN', 'R911423148');
INSERT INTO products (id, solution_id, family, name, variant, specification, typecode, material_number) VALUES (102028, 102, 'ctrlX World', 'ctrlX World License', 'ROKIT Navigator', 'SWL-XC*-REX-ROKIT*NAVIGAT-NNNN', 'SWL-XC*-REX-ROKIT*NAVIGAT-NNNN', 'R911427438');
INSERT INTO products (id, solution_id, family, name, variant, specification, typecode, material_number) VALUES (102029, 102, 'ctrlX World', 'ctrlX World License', 'CODESYS CANopen Manager', 'SWL-W-XC*-COSYCANMAN***-NNNN', 'SWL-W-XC*-COSYCANMAN***-NNNN', 'R911430328');
INSERT INTO products (id, solution_id, family, name, variant, specification, typecode, material_number) VALUES (102030, 102, 'ctrlX World', 'ctrlX World License', 'CODESYS CANopen Device', 'SWL-W-XC*-COSYCANDEV***-NNNN', 'SWL-W-XC*-COSYCANDEV***-NNNN', 'R911430330');
INSERT INTO products (id, solution_id, family, name, variant, specification, typecode, material_number) VALUES (102031, 102, 'ctrlX World', 'ctrlX World License', 'CODESYS EtherCAT Master', 'SWL-W-XC*-COSYECATMAS**-NNNN', 'SWL-W-XC*-COSYECATMAS**-NNNN', 'R911425579');
INSERT INTO products (id, solution_id, family, name, variant, specification, typecode, material_number) VALUES (102032, 102, 'ctrlX World', 'ctrlX World License', 'CODESYS Ethernet IP Adp', 'SWL-W-XC*-COSYENIPADP**-NNNN', 'SWL-W-XC*-COSYENIPADP**-NNNN', 'R911411682');
INSERT INTO products (id, solution_id, family, name, variant, specification, typecode, material_number) VALUES (102033, 102, 'ctrlX World', 'ctrlX World License', 'CODESYS Ethernet IP Scn', 'SWL-W-XC*-COSYENIPSCN**-NNNN', 'SWL-W-XC*-COSYENIPSCN**-NNNN', 'R911411680');
INSERT INTO products (id, solution_id, family, name, variant, specification, typecode, material_number) VALUES (102034, 102, 'ctrlX World', 'ctrlX World License', 'CODESYS IIoT Library', 'SWL-W-XC*-COSYIIOTLIB**-NNNN', 'SWL-W-XC*-COSYIIOTLIB**-NNNN', 'R911411684');
INSERT INTO products (id, solution_id, family, name, variant, specification, typecode, material_number) VALUES (102035, 102, 'ctrlX World', 'ctrlX World License', 'CODESYS IO-Link', 'SWL-W-XC*-COSYIOLINK***-NNNN', 'SWL-W-XC*-COSYIOLINK***-NNNN', 'R911425581');
INSERT INTO products (id, solution_id, family, name, variant, specification, typecode, material_number) VALUES (102036, 102, 'ctrlX World', 'ctrlX World License', 'CODESYS Profinet Contr', 'SWL-W-XC*-COSYPNCON****-NNNN', 'SWL-W-XC*-COSYPNCON****-NNNN', 'R911411678');
INSERT INTO products (id, solution_id, family, name, variant, specification, typecode, material_number) VALUES (102037, 102, 'ctrlX World', 'ctrlX World License', 'CODESYS Profinet Device', 'SWL-W-XC*-COSYPNDEV****-NNNN', 'SWL-W-XC*-COSYPNDEV****-NNNN', 'R911411676');
INSERT INTO products (id, solution_id, family, name, variant, specification, typecode, material_number) VALUES (102038, 102, 'ctrlX World', 'ctrlX World License', 'logiccloud 100 Tags', 'SWL-W-XC*-CTRL*LOGIC100**-NNNN', 'SWL-W-XC*-CTRL*LOGIC100**-NNNN', 'R911424920');
INSERT INTO products (id, solution_id, family, name, variant, specification, typecode, material_number) VALUES (102039, 102, 'ctrlX World', 'ctrlX World License', 'logiccloud 250 Tags', 'SWL-W-XC*-CTRL*LOGIC250**-NNNN', 'SWL-W-XC*-CTRL*LOGIC250**-NNNN', 'R911424922');
INSERT INTO products (id, solution_id, family, name, variant, specification, typecode, material_number) VALUES (102040, 102, 'ctrlX World', 'ctrlX World License', 'logiccloud 500 Tags', 'SWL-W-XC*-CTRL*LOGIC500**-NNNN', 'SWL-W-XC*-CTRL*LOGIC500**-NNNN', 'R911424924');
INSERT INTO products (id, solution_id, family, name, variant, specification, typecode, material_number) VALUES (102041, 102, 'ctrlX World', 'ctrlX World License', 'logiccloud 1000 Tags', 'SWL-W-XC*-CTRLLOGIC1000-NNNN', 'SWL-W-XC*-CTRLLOGIC1000-NNNN', 'R911424926');
INSERT INTO products (id, solution_id, family, name, variant, specification, typecode, material_number) VALUES (102042, 102, 'ctrlX World', 'ctrlX World License', 'logiccloud 2500 Tags', 'SWL-W-XC*-CTRLLOGIC2500-NNNN', 'SWL-W-XC*-CTRLLOGIC2500-NNNN', 'R911424928');
INSERT INTO products (id, solution_id, family, name, variant, specification, typecode, material_number) VALUES (102043, 102, 'ctrlX World', 'ctrlX World License', 'logiccloud 5000 Tags', 'SWL-W-XC*-CTRLLOGIC5000-NNNN', 'SWL-W-XC*-CTRLLOGIC5000-NNNN', 'R911424930');
INSERT INTO products (id, solution_id, family, name, variant, specification, typecode, material_number) VALUES (102044, 102, 'ctrlX World', 'ctrlX World License', 'logiccloud 10000 Tags', 'SWL-W-XC*-CTRL*LOGIC10000-NNNN', 'SWL-W-XC*-CTRL*LOGIC10000-NNNN', 'R911424932');
INSERT INTO products (id, solution_id, family, name, variant, specification, typecode, material_number) VALUES (102045, 102, 'ctrlX World', 'ctrlX World License', 'SELMO - Core PLC Lib', 'SWL-W-XC*-SEOCORE10**-NNNN', 'SWL-W-XC*-SEOCORE10**-NNNN', 'R911411142');
INSERT INTO products (id, solution_id, family, name, variant, specification, typecode, material_number) VALUES (102046, 102, 'ctrlX World', 'ctrlX World License', 'Rhebo - Sensor License', 'SWL-W-XC*-RSNSSENSOR***-NNNN', 'SWL-W-XC*-RSNSSENSOR***-NNNN', 'R911410983');
INSERT INTO products (id, solution_id, family, name, variant, specification, typecode, material_number) VALUES (102047, 102, 'ctrlX World', 'ctrlX World License', '36ZERO Vision Adapter', 'SWL-W-XC*-36ZVVISIONADR-NNNN', 'SWL-W-XC*-36ZVVISIONADR-NNNN', 'R911417786');
INSERT INTO products (id, solution_id, family, name, variant, specification, typecode, material_number) VALUES (102048, 102, 'ctrlX World', 'ctrlX World License', '36ZERO Vision (1 Year)', 'SWL-W-XC*-36ZVVISIONADR-Y1NN', 'SWL-W-XC*-36ZVVISIONADR-Y1NN', 'R911417792');
INSERT INTO products (id, solution_id, family, name, variant, specification, typecode, material_number) VALUES (102049, 102, 'ctrlX World', 'ctrlX World License', 'LumiScan Calibration', 'SWL-W-XC*-CALIBRATEHDVS-NNNN', 'SWL-W-XC*-CALIBRATEHDVS-NNNN', 'R911411379');
INSERT INTO products (id, solution_id, family, name, variant, specification, typecode, material_number) VALUES (102050, 102, 'ctrlX World', 'ctrlX World License', 'LumiScan Cam Driver', 'SWL-W-XC*-CAMDRIVERHDVS-NNNN', 'SWL-W-XC*-CAMDRIVERHDVS-NNNN', 'R911411378');
INSERT INTO products (id, solution_id, family, name, variant, specification, typecode, material_number) VALUES (102051, 102, 'ctrlX World', 'ctrlX World License', 'LumiScan AI Obj Match', 'SWL-W-XC*-OBJMATCHHDVS*-NNNN', 'SWL-W-XC*-OBJMATCHHDVS*-NNNN', 'R911411385');
INSERT INTO products (id, solution_id, family, name, variant, specification, typecode, material_number) VALUES (102052, 102, 'ctrlX World', 'ctrlX World License', 'CODESYS Dev Edition', 'SWL-W-PC*-COSYPRODEV*ED-Y1NN', 'SWL-W-PC*-COSYPRODEV*ED-Y1NN', 'R911423016');
INSERT INTO products (id, solution_id, family, name, variant, specification, typecode, material_number) VALUES (102053, 102, 'ctrlX World', 'ctrlX World License', 'SELMOstudio Express', 'SWL-W-PC*-SEOSTDEXP-NNNN', 'SWL-W-PC*-SEOSTDEXP-NNNN', 'R911417483');
INSERT INTO products (id, solution_id, family, name, variant, specification, typecode, material_number) VALUES (102054, 102, 'ctrlX World', 'ctrlX World License', 'SELMOstudio Standard', 'SWL-W-PC*-SEOSTDSTD-NNNN', 'SWL-W-PC*-SEOSTDSTD-NNNN', 'R911417485');
INSERT INTO products (id, solution_id, family, name, variant, specification, typecode, material_number) VALUES (102055, 102, 'ctrlX World', 'ctrlX World License', 'SELMOstudio Professional', 'SWL-W-PC*-SEOSTDPRO-NNNN', 'SWL-W-PC*-SEOSTDPRO-NNNN', 'R911417487');
INSERT INTO products (id, solution_id, family, name, variant, specification, typecode, material_number) VALUES (102056, 102, 'ctrlX World', 'ctrlX World License', 'WebIQ Designer (1 Year)', 'SWL-W-PC*-WIQDESIGNER-Y1NN', 'SWL-W-PC*-WIQDESIGNER-Y1NN', 'R911417142');
INSERT INTO products (id, solution_id, family, name, variant, specification, typecode, material_number) VALUES (102057, 102, 'ctrlX World', 'ctrlX World License', 'Cam Designer', 'SWL-PC*-MOT-CAMDESIGNER**-NNNN', 'SWL-PC*-MOT-CAMDESIGNER**-NNNN', 'R911421308');
INSERT INTO products (id, solution_id, family, name, variant, specification, typecode, material_number) VALUES (102058, 102, 'ctrlX World', 'ctrlX World License', 'LumiScan Annotation (1Y)', 'SWL-W-PC*-ANNOTATE***HDVS-Y1NN', 'SWL-W-PC*-ANNOTATE***HDVS-Y1NN', 'R911423890');
INSERT INTO products (id, solution_id, family, name, variant, specification, typecode, material_number) VALUES (102059, 102, 'ctrlX World', 'ctrlX World License', 'LumiScan Annot. Frame', 'SWL-W-PC*-ANNOTATEFHDVS-NNNN', 'SWL-W-PC*-ANNOTATEFHDVS-NNNN', 'R911423889');
INSERT INTO products (id, solution_id, family, name, variant, specification, typecode, material_number) VALUES (102060, 102, 'ctrlX World', 'ctrlX World License', 'LumiScan Training (1Y)', 'SWL-W-PC*-TRAINING***HDVS-Y1NN', 'SWL-W-PC*-TRAINING***HDVS-Y1NN', 'R911423892');
INSERT INTO products (id, solution_id, family, name, variant, specification, typecode, material_number) VALUES (102061, 102, 'ctrlX World', 'ctrlX World License', 'LumiScan Training Frame', 'SWL-W-PC*-TRAININGFHDVS-NNNN', 'SWL-W-PC*-TRAININGFHDVS-NNNN', 'R911423891');
INSERT INTO products (id, solution_id, family, name, variant, specification, typecode, material_number) VALUES (103001, 103, 'ctrlX IOT', 'ctrlX IOT License', 'IoT Dashboard License', 'SWL-XC*-GDB-GRAFANADB**-NNNN', 'SWL-XC*-GDB-GRAFANADB**-NNNN', 'R911418579');
INSERT INTO products (id, solution_id, family, name, variant, specification, typecode, material_number) VALUES (103002, 103, 'ctrlX IOT', 'ctrlX IOT License', 'InfluxDB License', 'SWL-XC*-IDB-INFLUXDB***-NNNN', 'SWL-XC*-IDB-INFLUXDB***-NNNN', 'R911417120');
INSERT INTO products (id, solution_id, family, name, variant, specification, typecode, material_number) VALUES (103003, 103, 'ctrlX IOT', 'ctrlX IOT License', 'Node-RED License', 'SWL-XC*-RED-NODE*RED*****-NNNN', 'SWL-XC*-RED-NODE*RED*****-NNNN', 'R911399092');
INSERT INTO products (id, solution_id, family, name, variant, specification, typecode, material_number) VALUES (103004, 103, 'ctrlX IOT', 'ctrlX IOT License', 'Telegraf License', 'SWL-XC*-TSA-TELEGRAF*****-NNNN', 'SWL-XC*-TSA-TELEGRAF*****-NNNN', 'R911416258');

-- prices
INSERT INTO prices (product_id, price_ygdc, currency) VALUES (201001, 1717.8, 'EUR');
INSERT INTO prices (product_id, price_ygdc, currency) VALUES (201002, 2386.31, 'EUR');
INSERT INTO prices (product_id, price_ygdc, currency) VALUES (201003, 2650, 'EUR');
INSERT INTO prices (product_id, price_ygdc, currency) VALUES (201004, 6347.78, 'EUR');
INSERT INTO prices (product_id, price_ygdc, currency) VALUES (201005, 12471.11, 'EUR');
INSERT INTO prices (product_id, price_ygdc, currency) VALUES (202001, 469.1, 'EUR');
INSERT INTO prices (product_id, price_ygdc, currency) VALUES (202002, 380, 'EUR');
INSERT INTO prices (product_id, price_ygdc, currency) VALUES (202003, 410, 'EUR');
INSERT INTO prices (product_id, price_ygdc, currency) VALUES (202004, 135, 'EUR');
INSERT INTO prices (product_id, price_ygdc, currency) VALUES (202005, 195, 'EUR');
INSERT INTO prices (product_id, price_ygdc, currency) VALUES (202006, 291.9, 'EUR');
INSERT INTO prices (product_id, price_ygdc, currency) VALUES (202007, 140, 'EUR');
INSERT INTO prices (product_id, price_ygdc, currency) VALUES (202008, 185, 'EUR');
INSERT INTO prices (product_id, price_ygdc, currency) VALUES (202009, 245, 'EUR');
INSERT INTO prices (product_id, price_ygdc, currency) VALUES (202010, 312.74, 'EUR');
INSERT INTO prices (product_id, price_ygdc, currency) VALUES (202011, 420, 'EUR');
INSERT INTO prices (product_id, price_ygdc, currency) VALUES (202012, 590, 'EUR');
INSERT INTO prices (product_id, price_ygdc, currency) VALUES (202013, 854.82, 'EUR');
INSERT INTO prices (product_id, price_ygdc, currency) VALUES (202014, 667.19, 'EUR');
INSERT INTO prices (product_id, price_ygdc, currency) VALUES (202015, 940, 'EUR');
INSERT INTO prices (product_id, price_ygdc, currency) VALUES (202016, 310, 'EUR');
INSERT INTO prices (product_id, price_ygdc, currency) VALUES (202017, 330, 'EUR');
INSERT INTO prices (product_id, price_ygdc, currency) VALUES (202018, 380, 'EUR');
INSERT INTO prices (product_id, price_ygdc, currency) VALUES (202019, 420, 'EUR');
INSERT INTO prices (product_id, price_ygdc, currency) VALUES (202020, 450, 'EUR');
INSERT INTO prices (product_id, price_ygdc, currency) VALUES (202021, 410, 'EUR');
INSERT INTO prices (product_id, price_ygdc, currency) VALUES (202022, 85, 'EUR');
INSERT INTO prices (product_id, price_ygdc, currency) VALUES (202023, 180, 'EUR');
INSERT INTO prices (product_id, price_ygdc, currency) VALUES (202024, 680, 'EUR');
INSERT INTO prices (product_id, price_ygdc, currency) VALUES (203001, 1250, 'EUR');
INSERT INTO prices (product_id, price_ygdc, currency) VALUES (203002, 4233.75, 'EUR');
INSERT INTO prices (product_id, price_ygdc, currency) VALUES (203003, 4850, 'EUR');
INSERT INTO prices (product_id, price_ygdc, currency) VALUES (203004, 620, 'EUR');
INSERT INTO prices (product_id, price_ygdc, currency) VALUES (203005, 590, 'EUR');
INSERT INTO prices (product_id, price_ygdc, currency) VALUES (203006, 740, 'EUR');
INSERT INTO prices (product_id, price_ygdc, currency) VALUES (204001, 1380, 'EUR');
INSERT INTO prices (product_id, price_ygdc, currency) VALUES (204002, 7288.13, 'EUR');
INSERT INTO prices (product_id, price_ygdc, currency) VALUES (204003, 9450, 'EUR');
INSERT INTO prices (product_id, price_ygdc, currency) VALUES (205001, 1200, 'EUR');
INSERT INTO prices (product_id, price_ygdc, currency) VALUES (205002, 1550, 'EUR');
INSERT INTO prices (product_id, price_ygdc, currency) VALUES (205003, 2150, 'EUR');
INSERT INTO prices (product_id, price_ygdc, currency) VALUES (205004, 1391.7, 'EUR');
INSERT INTO prices (product_id, price_ygdc, currency) VALUES (205005, 3100, 'EUR');
INSERT INTO prices (product_id, price_ygdc, currency) VALUES (205006, 4293.73, 'EUR');
INSERT INTO prices (product_id, price_ygdc, currency) VALUES (205007, 1850, 'EUR');
INSERT INTO prices (product_id, price_ygdc, currency) VALUES (301001, 1150, 'EUR');
INSERT INTO prices (product_id, price_ygdc, currency) VALUES (301002, 1250, 'EUR');
INSERT INTO prices (product_id, price_ygdc, currency) VALUES (301003, 2850, 'EUR');
INSERT INTO prices (product_id, price_ygdc, currency) VALUES (301004, 1950, 'EUR');
INSERT INTO prices (product_id, price_ygdc, currency) VALUES (301005, 7454.97, 'EUR');
INSERT INTO prices (product_id, price_ygdc, currency) VALUES (301006, 8950, 'EUR');
INSERT INTO prices (product_id, price_ygdc, currency) VALUES (301007, 24500, 'EUR');
INSERT INTO prices (product_id, price_ygdc, currency) VALUES (301008, 3450, 'EUR');
INSERT INTO prices (product_id, price_ygdc, currency) VALUES (301009, 2450, 'EUR');
INSERT INTO prices (product_id, price_ygdc, currency) VALUES (301010, 2150, 'EUR');
INSERT INTO prices (product_id, price_ygdc, currency) VALUES (301011, 4950, 'EUR');
INSERT INTO prices (product_id, price_ygdc, currency) VALUES (301012, 5450, 'EUR');
INSERT INTO prices (product_id, price_ygdc, currency) VALUES (302001, 850, 'EUR');
INSERT INTO prices (product_id, price_ygdc, currency) VALUES (302002, 920, 'EUR');
INSERT INTO prices (product_id, price_ygdc, currency) VALUES (302003, 1850, 'EUR');
INSERT INTO prices (product_id, price_ygdc, currency) VALUES (302004, 1580, 'EUR');
INSERT INTO prices (product_id, price_ygdc, currency) VALUES (302005, 2650, 'EUR');
INSERT INTO prices (product_id, price_ygdc, currency) VALUES (302006, 4200, 'EUR');
INSERT INTO prices (product_id, price_ygdc, currency) VALUES (302007, 4500, 'EUR');
INSERT INTO prices (product_id, price_ygdc, currency) VALUES (302008, 3850, 'EUR');
INSERT INTO prices (product_id, price_ygdc, currency) VALUES (302009, 3250, 'EUR');
INSERT INTO prices (product_id, price_ygdc, currency) VALUES (302010, 2714.4, 'EUR');
INSERT INTO prices (product_id, price_ygdc, currency) VALUES (302011, 1850, 'EUR');
INSERT INTO prices (product_id, price_ygdc, currency) VALUES (302012, 1450, 'EUR');
INSERT INTO prices (product_id, price_ygdc, currency) VALUES (302013, 145, 'EUR');
INSERT INTO prices (product_id, price_ygdc, currency) VALUES (302014, 750, 'EUR');
INSERT INTO prices (product_id, price_ygdc, currency) VALUES (101001, 56.76, 'EUR');
INSERT INTO prices (product_id, price_ygdc, currency) VALUES (101002, 82.89, 'EUR');
INSERT INTO prices (product_id, price_ygdc, currency) VALUES (101003, 136.62, 'EUR');
INSERT INTO prices (product_id, price_ygdc, currency) VALUES (101004, 125.79, 'EUR');
INSERT INTO prices (product_id, price_ygdc, currency) VALUES (101005, 125.79, 'EUR');
INSERT INTO prices (product_id, price_ygdc, currency) VALUES (101006, 144.05, 'EUR');
INSERT INTO prices (product_id, price_ygdc, currency) VALUES (101007, 56.51, 'EUR');
INSERT INTO prices (product_id, price_ygdc, currency) VALUES (101008, 465.5, 'EUR');
INSERT INTO prices (product_id, price_ygdc, currency) VALUES (101009, 177.39, 'EUR');
INSERT INTO prices (product_id, price_ygdc, currency) VALUES (101010, 83.48, 'EUR');
INSERT INTO prices (product_id, price_ygdc, currency) VALUES (101011, 39.9, 'EUR');
INSERT INTO prices (product_id, price_ygdc, currency) VALUES (101012, 106.4, 'EUR');
INSERT INTO prices (product_id, price_ygdc, currency) VALUES (101013, 207.48, 'EUR');
INSERT INTO prices (product_id, price_ygdc, currency) VALUES (101014, 58.04, 'EUR');
INSERT INTO prices (product_id, price_ygdc, currency) VALUES (101015, 150, 'EUR');
INSERT INTO prices (product_id, price_ygdc, currency) VALUES (101016, 222.59, 'EUR');
INSERT INTO prices (product_id, price_ygdc, currency) VALUES (101017, 180, 'EUR');
INSERT INTO prices (product_id, price_ygdc, currency) VALUES (101018, 111.29, 'EUR');
INSERT INTO prices (product_id, price_ygdc, currency) VALUES (101019, 117.89, 'EUR');
INSERT INTO prices (product_id, price_ygdc, currency) VALUES (101020, 350, 'EUR');
INSERT INTO prices (product_id, price_ygdc, currency) VALUES (101021, 680, 'EUR');
INSERT INTO prices (product_id, price_ygdc, currency) VALUES (101022, 1200, 'EUR');
INSERT INTO prices (product_id, price_ygdc, currency) VALUES (101023, 120.93, 'EUR');
INSERT INTO prices (product_id, price_ygdc, currency) VALUES (101024, 203.13, 'EUR');
INSERT INTO prices (product_id, price_ygdc, currency) VALUES (101025, 450, 'EUR');
INSERT INTO prices (product_id, price_ygdc, currency) VALUES (101026, 113.35, 'EUR');
INSERT INTO prices (product_id, price_ygdc, currency) VALUES (101027, 50.78, 'EUR');
INSERT INTO prices (product_id, price_ygdc, currency) VALUES (101028, 164.4, 'EUR');
INSERT INTO prices (product_id, price_ygdc, currency) VALUES (101029, 250, 'EUR');
INSERT INTO prices (product_id, price_ygdc, currency) VALUES (101030, 50.78, 'EUR');
INSERT INTO prices (product_id, price_ygdc, currency) VALUES (101031, 113.05, 'EUR');
INSERT INTO prices (product_id, price_ygdc, currency) VALUES (101032, 86.45, 'EUR');
INSERT INTO prices (product_id, price_ygdc, currency) VALUES (101033, 192.85, 'EUR');
INSERT INTO prices (product_id, price_ygdc, currency) VALUES (101034, 425.6, 'EUR');
INSERT INTO prices (product_id, price_ygdc, currency) VALUES (101035, 33.2, 'EUR');
INSERT INTO prices (product_id, price_ygdc, currency) VALUES (101036, 213.42, 'EUR');
INSERT INTO prices (product_id, price_ygdc, currency) VALUES (101037, 39.9, 'EUR');
INSERT INTO prices (product_id, price_ygdc, currency) VALUES (101038, 133, 'EUR');
INSERT INTO prices (product_id, price_ygdc, currency) VALUES (102001, 236.62, 'EUR');
INSERT INTO prices (product_id, price_ygdc, currency) VALUES (102002, 1335.23, 'EUR');
INSERT INTO prices (product_id, price_ygdc, currency) VALUES (102003, 259.35, 'EUR');
INSERT INTO prices (product_id, price_ygdc, currency) VALUES (102004, 3926.15, 'EUR');
INSERT INTO prices (product_id, price_ygdc, currency) VALUES (102005, 5778.84, 'EUR');
INSERT INTO prices (product_id, price_ygdc, currency) VALUES (102006, 8150.23, 'EUR');
INSERT INTO prices (product_id, price_ygdc, currency) VALUES (102007, 1109.22, 'EUR');
INSERT INTO prices (product_id, price_ygdc, currency) VALUES (102008, 1948.45, 'EUR');
INSERT INTO prices (product_id, price_ygdc, currency) VALUES (102009, 3850, 'EUR');
INSERT INTO prices (product_id, price_ygdc, currency) VALUES (102010, 5600, 'EUR');
INSERT INTO prices (product_id, price_ygdc, currency) VALUES (102011, 150.7, 'EUR');
INSERT INTO prices (product_id, price_ygdc, currency) VALUES (102012, 180.86, 'EUR');
INSERT INTO prices (product_id, price_ygdc, currency) VALUES (102013, 286.33, 'EUR');
INSERT INTO prices (product_id, price_ygdc, currency) VALUES (102014, 391.83, 'EUR');
INSERT INTO prices (product_id, price_ygdc, currency) VALUES (102015, 613.13, 'EUR');
INSERT INTO prices (product_id, price_ygdc, currency) VALUES (102016, 752.78, 'EUR');
INSERT INTO prices (product_id, price_ygdc, currency) VALUES (102017, 1183.7, 'EUR');
INSERT INTO prices (product_id, price_ygdc, currency) VALUES (102018, 1501.57, 'EUR');
INSERT INTO prices (product_id, price_ygdc, currency) VALUES (102019, 2127.99, 'EUR');
INSERT INTO prices (product_id, price_ygdc, currency) VALUES (102020, 113.02, 'EUR');
INSERT INTO prices (product_id, price_ygdc, currency) VALUES (102021, 113.02, 'EUR');
INSERT INTO prices (product_id, price_ygdc, currency) VALUES (102022, 75.99, 'EUR');
INSERT INTO prices (product_id, price_ygdc, currency) VALUES (102023, 167.58, 'EUR');
INSERT INTO prices (product_id, price_ygdc, currency) VALUES (102024, 195, 'EUR');
INSERT INTO prices (product_id, price_ygdc, currency) VALUES (102025, 280, 'EUR');
INSERT INTO prices (product_id, price_ygdc, currency) VALUES (102026, 420, 'EUR');
INSERT INTO prices (product_id, price_ygdc, currency) VALUES (102027, 2386.02, 'EUR');
INSERT INTO prices (product_id, price_ygdc, currency) VALUES (102028, 1588.02, 'EUR');
INSERT INTO prices (product_id, price_ygdc, currency) VALUES (102029, 180, 'EUR');
INSERT INTO prices (product_id, price_ygdc, currency) VALUES (102030, 140, 'EUR');
INSERT INTO prices (product_id, price_ygdc, currency) VALUES (102031, 199.5, 'EUR');
INSERT INTO prices (product_id, price_ygdc, currency) VALUES (102032, 133, 'EUR');
INSERT INTO prices (product_id, price_ygdc, currency) VALUES (102033, 199.5, 'EUR');
INSERT INTO prices (product_id, price_ygdc, currency) VALUES (102034, 93.1, 'EUR');
INSERT INTO prices (product_id, price_ygdc, currency) VALUES (102035, 199.5, 'EUR');
INSERT INTO prices (product_id, price_ygdc, currency) VALUES (102036, 199.5, 'EUR');
INSERT INTO prices (product_id, price_ygdc, currency) VALUES (102037, 133, 'EUR');
INSERT INTO prices (product_id, price_ygdc, currency) VALUES (102038, 190, 'EUR');
INSERT INTO prices (product_id, price_ygdc, currency) VALUES (102039, 380, 'EUR');
INSERT INTO prices (product_id, price_ygdc, currency) VALUES (102040, 680, 'EUR');
INSERT INTO prices (product_id, price_ygdc, currency) VALUES (102041, 1250, 'EUR');
INSERT INTO prices (product_id, price_ygdc, currency) VALUES (102042, 2600, 'EUR');
INSERT INTO prices (product_id, price_ygdc, currency) VALUES (102043, 4850, 'EUR');
INSERT INTO prices (product_id, price_ygdc, currency) VALUES (102044, 8200, 'EUR');
INSERT INTO prices (product_id, price_ygdc, currency) VALUES (102045, 280, 'EUR');
INSERT INTO prices (product_id, price_ygdc, currency) VALUES (102046, 1500, 'EUR');
INSERT INTO prices (product_id, price_ygdc, currency) VALUES (102047, 3963.4, 'EUR');
INSERT INTO prices (product_id, price_ygdc, currency) VALUES (102048, 990.85, 'EUR');
INSERT INTO prices (product_id, price_ygdc, currency) VALUES (102049, 210.13, 'EUR');
INSERT INTO prices (product_id, price_ygdc, currency) VALUES (102050, 90.45, 'EUR');
INSERT INTO prices (product_id, price_ygdc, currency) VALUES (102051, 795.34, 'EUR');
INSERT INTO prices (product_id, price_ygdc, currency) VALUES (102052, 731.49, 'EUR');
INSERT INTO prices (product_id, price_ygdc, currency) VALUES (102053, 64.6, 'EUR');
INSERT INTO prices (product_id, price_ygdc, currency) VALUES (102054, 663.1, 'EUR');
INSERT INTO prices (product_id, price_ygdc, currency) VALUES (102055, 1062.1, 'EUR');
INSERT INTO prices (product_id, price_ygdc, currency) VALUES (102056, 507.05, 'EUR');
INSERT INTO prices (product_id, price_ygdc, currency) VALUES (102057, 1571.98, 'EUR');
INSERT INTO prices (product_id, price_ygdc, currency) VALUES (102058, 997.5, 'EUR');
INSERT INTO prices (product_id, price_ygdc, currency) VALUES (102059, 997.5, 'EUR');
INSERT INTO prices (product_id, price_ygdc, currency) VALUES (102060, 4306.53, 'EUR');
INSERT INTO prices (product_id, price_ygdc, currency) VALUES (102061, 6040.86, 'EUR');
INSERT INTO prices (product_id, price_ygdc, currency) VALUES (103001, 83.48, 'EUR');
INSERT INTO prices (product_id, price_ygdc, currency) VALUES (103002, 83.48, 'EUR');
INSERT INTO prices (product_id, price_ygdc, currency) VALUES (103003, 83.48, 'EUR');
INSERT INTO prices (product_id, price_ygdc, currency) VALUES (103004, 82.89, 'EUR');

-- inventory (synthetic, deterministic from product id)
INSERT INTO inventory (product_id, stock_level, warehouse_shelf) VALUES (201001, 30, 'B-10-08');
INSERT INTO inventory (product_id, stock_level, warehouse_shelf) VALUES (201002, 31, 'C-10-09');
INSERT INTO inventory (product_id, stock_level, warehouse_shelf) VALUES (201003, 32, 'D-10-10');
INSERT INTO inventory (product_id, stock_level, warehouse_shelf) VALUES (201004, 33, 'E-10-11');
INSERT INTO inventory (product_id, stock_level, warehouse_shelf) VALUES (201005, 34, 'F-10-12');
INSERT INTO inventory (product_id, stock_level, warehouse_shelf) VALUES (202001, 43, 'F-00-07');
INSERT INTO inventory (product_id, stock_level, warehouse_shelf) VALUES (202002, 44, 'A-00-08');
INSERT INTO inventory (product_id, stock_level, warehouse_shelf) VALUES (202003, 45, 'B-00-09');
INSERT INTO inventory (product_id, stock_level, warehouse_shelf) VALUES (202004, 46, 'C-00-10');
INSERT INTO inventory (product_id, stock_level, warehouse_shelf) VALUES (202005, 47, 'D-00-11');
INSERT INTO inventory (product_id, stock_level, warehouse_shelf) VALUES (202006, 1, 'E-00-12');
INSERT INTO inventory (product_id, stock_level, warehouse_shelf) VALUES (202007, 2, 'F-00-00');
INSERT INTO inventory (product_id, stock_level, warehouse_shelf) VALUES (202008, 3, 'A-00-01');
INSERT INTO inventory (product_id, stock_level, warehouse_shelf) VALUES (202009, 4, 'B-00-02');
INSERT INTO inventory (product_id, stock_level, warehouse_shelf) VALUES (202010, 5, 'C-00-03');
INSERT INTO inventory (product_id, stock_level, warehouse_shelf) VALUES (202011, 6, 'D-00-04');
INSERT INTO inventory (product_id, stock_level, warehouse_shelf) VALUES (202012, 7, 'E-00-05');
INSERT INTO inventory (product_id, stock_level, warehouse_shelf) VALUES (202013, 8, 'F-00-06');
INSERT INTO inventory (product_id, stock_level, warehouse_shelf) VALUES (202014, 9, 'A-00-07');
INSERT INTO inventory (product_id, stock_level, warehouse_shelf) VALUES (202015, 10, 'B-00-08');
INSERT INTO inventory (product_id, stock_level, warehouse_shelf) VALUES (202016, 11, 'C-00-09');
INSERT INTO inventory (product_id, stock_level, warehouse_shelf) VALUES (202017, 12, 'D-00-10');
INSERT INTO inventory (product_id, stock_level, warehouse_shelf) VALUES (202018, 13, 'E-00-11');
INSERT INTO inventory (product_id, stock_level, warehouse_shelf) VALUES (202019, 14, 'F-00-12');
INSERT INTO inventory (product_id, stock_level, warehouse_shelf) VALUES (202020, 15, 'A-00-00');
INSERT INTO inventory (product_id, stock_level, warehouse_shelf) VALUES (202021, 16, 'B-00-01');
INSERT INTO inventory (product_id, stock_level, warehouse_shelf) VALUES (202022, 17, 'C-00-02');
INSERT INTO inventory (product_id, stock_level, warehouse_shelf) VALUES (202023, 18, 'D-00-03');
INSERT INTO inventory (product_id, stock_level, warehouse_shelf) VALUES (202024, 19, 'E-00-04');
INSERT INTO inventory (product_id, stock_level, warehouse_shelf) VALUES (203001, 9, 'D-10-06');
INSERT INTO inventory (product_id, stock_level, warehouse_shelf) VALUES (203002, 10, 'E-10-07');
INSERT INTO inventory (product_id, stock_level, warehouse_shelf) VALUES (203003, 11, 'F-10-08');
INSERT INTO inventory (product_id, stock_level, warehouse_shelf) VALUES (203004, 12, 'A-10-09');
INSERT INTO inventory (product_id, stock_level, warehouse_shelf) VALUES (203005, 13, 'B-10-10');
INSERT INTO inventory (product_id, stock_level, warehouse_shelf) VALUES (203006, 14, 'C-10-11');
INSERT INTO inventory (product_id, stock_level, warehouse_shelf) VALUES (204001, 22, 'B-00-05');
INSERT INTO inventory (product_id, stock_level, warehouse_shelf) VALUES (204002, 23, 'C-00-06');
INSERT INTO inventory (product_id, stock_level, warehouse_shelf) VALUES (204003, 24, 'D-00-07');
INSERT INTO inventory (product_id, stock_level, warehouse_shelf) VALUES (205001, 35, 'F-10-04');
INSERT INTO inventory (product_id, stock_level, warehouse_shelf) VALUES (205002, 36, 'A-10-05');
INSERT INTO inventory (product_id, stock_level, warehouse_shelf) VALUES (205003, 37, 'B-10-06');
INSERT INTO inventory (product_id, stock_level, warehouse_shelf) VALUES (205004, 38, 'C-10-07');
INSERT INTO inventory (product_id, stock_level, warehouse_shelf) VALUES (205005, 39, 'D-10-08');
INSERT INTO inventory (product_id, stock_level, warehouse_shelf) VALUES (205006, 40, 'E-10-09');
INSERT INTO inventory (product_id, stock_level, warehouse_shelf) VALUES (205007, 41, 'F-10-10');
INSERT INTO inventory (product_id, stock_level, warehouse_shelf) VALUES (301001, 14, 'F-10-12');
INSERT INTO inventory (product_id, stock_level, warehouse_shelf) VALUES (301002, 15, 'A-10-00');
INSERT INTO inventory (product_id, stock_level, warehouse_shelf) VALUES (301003, 16, 'B-10-01');
INSERT INTO inventory (product_id, stock_level, warehouse_shelf) VALUES (301004, 17, 'C-10-02');
INSERT INTO inventory (product_id, stock_level, warehouse_shelf) VALUES (301005, 18, 'D-10-03');
INSERT INTO inventory (product_id, stock_level, warehouse_shelf) VALUES (301006, 19, 'E-10-04');
INSERT INTO inventory (product_id, stock_level, warehouse_shelf) VALUES (301007, 20, 'F-10-05');
INSERT INTO inventory (product_id, stock_level, warehouse_shelf) VALUES (301008, 21, 'A-10-06');
INSERT INTO inventory (product_id, stock_level, warehouse_shelf) VALUES (301009, 22, 'B-10-07');
INSERT INTO inventory (product_id, stock_level, warehouse_shelf) VALUES (301010, 23, 'C-10-08');
INSERT INTO inventory (product_id, stock_level, warehouse_shelf) VALUES (301011, 24, 'D-10-09');
INSERT INTO inventory (product_id, stock_level, warehouse_shelf) VALUES (301012, 25, 'E-10-10');
INSERT INTO inventory (product_id, stock_level, warehouse_shelf) VALUES (302001, 27, 'D-00-11');
INSERT INTO inventory (product_id, stock_level, warehouse_shelf) VALUES (302002, 28, 'E-00-12');
INSERT INTO inventory (product_id, stock_level, warehouse_shelf) VALUES (302003, 29, 'F-00-00');
INSERT INTO inventory (product_id, stock_level, warehouse_shelf) VALUES (302004, 30, 'A-00-01');
INSERT INTO inventory (product_id, stock_level, warehouse_shelf) VALUES (302005, 31, 'B-00-02');
INSERT INTO inventory (product_id, stock_level, warehouse_shelf) VALUES (302006, 32, 'C-00-03');
INSERT INTO inventory (product_id, stock_level, warehouse_shelf) VALUES (302007, 33, 'D-00-04');
INSERT INTO inventory (product_id, stock_level, warehouse_shelf) VALUES (302008, 34, 'E-00-05');
INSERT INTO inventory (product_id, stock_level, warehouse_shelf) VALUES (302009, 35, 'F-00-06');
INSERT INTO inventory (product_id, stock_level, warehouse_shelf) VALUES (302010, 36, 'A-00-07');
INSERT INTO inventory (product_id, stock_level, warehouse_shelf) VALUES (302011, 37, 'B-00-08');
INSERT INTO inventory (product_id, stock_level, warehouse_shelf) VALUES (302012, 38, 'C-00-09');
INSERT INTO inventory (product_id, stock_level, warehouse_shelf) VALUES (302013, 39, 'D-00-10');
INSERT INTO inventory (product_id, stock_level, warehouse_shelf) VALUES (302014, 40, 'E-00-11');
INSERT INTO inventory (product_id, stock_level, warehouse_shelf) VALUES (101001, 46, 'D-10-04');
INSERT INTO inventory (product_id, stock_level, warehouse_shelf) VALUES (101002, 47, 'E-10-05');
INSERT INTO inventory (product_id, stock_level, warehouse_shelf) VALUES (101003, 1, 'F-10-06');
INSERT INTO inventory (product_id, stock_level, warehouse_shelf) VALUES (101004, 2, 'A-10-07');
INSERT INTO inventory (product_id, stock_level, warehouse_shelf) VALUES (101005, 3, 'B-10-08');
INSERT INTO inventory (product_id, stock_level, warehouse_shelf) VALUES (101006, 4, 'C-10-09');
INSERT INTO inventory (product_id, stock_level, warehouse_shelf) VALUES (101007, 5, 'D-10-10');
INSERT INTO inventory (product_id, stock_level, warehouse_shelf) VALUES (101008, 6, 'E-10-11');
INSERT INTO inventory (product_id, stock_level, warehouse_shelf) VALUES (101009, 7, 'F-10-12');
INSERT INTO inventory (product_id, stock_level, warehouse_shelf) VALUES (101010, 8, 'A-10-00');
INSERT INTO inventory (product_id, stock_level, warehouse_shelf) VALUES (101011, 9, 'B-10-01');
INSERT INTO inventory (product_id, stock_level, warehouse_shelf) VALUES (101012, 10, 'C-10-02');
INSERT INTO inventory (product_id, stock_level, warehouse_shelf) VALUES (101013, 11, 'D-10-03');
INSERT INTO inventory (product_id, stock_level, warehouse_shelf) VALUES (101014, 12, 'E-10-04');
INSERT INTO inventory (product_id, stock_level, warehouse_shelf) VALUES (101015, 13, 'F-10-05');
INSERT INTO inventory (product_id, stock_level, warehouse_shelf) VALUES (101016, 14, 'A-10-06');
INSERT INTO inventory (product_id, stock_level, warehouse_shelf) VALUES (101017, 15, 'B-10-07');
INSERT INTO inventory (product_id, stock_level, warehouse_shelf) VALUES (101018, 16, 'C-10-08');
INSERT INTO inventory (product_id, stock_level, warehouse_shelf) VALUES (101019, 17, 'D-10-09');
INSERT INTO inventory (product_id, stock_level, warehouse_shelf) VALUES (101020, 18, 'E-10-10');
INSERT INTO inventory (product_id, stock_level, warehouse_shelf) VALUES (101021, 19, 'F-10-11');
INSERT INTO inventory (product_id, stock_level, warehouse_shelf) VALUES (101022, 20, 'A-10-12');
INSERT INTO inventory (product_id, stock_level, warehouse_shelf) VALUES (101023, 21, 'B-10-00');
INSERT INTO inventory (product_id, stock_level, warehouse_shelf) VALUES (101024, 22, 'C-10-01');
INSERT INTO inventory (product_id, stock_level, warehouse_shelf) VALUES (101025, 23, 'D-10-02');
INSERT INTO inventory (product_id, stock_level, warehouse_shelf) VALUES (101026, 24, 'E-10-03');
INSERT INTO inventory (product_id, stock_level, warehouse_shelf) VALUES (101027, 25, 'F-10-04');
INSERT INTO inventory (product_id, stock_level, warehouse_shelf) VALUES (101028, 26, 'A-10-05');
INSERT INTO inventory (product_id, stock_level, warehouse_shelf) VALUES (101029, 27, 'B-10-06');
INSERT INTO inventory (product_id, stock_level, warehouse_shelf) VALUES (101030, 28, 'C-10-07');
INSERT INTO inventory (product_id, stock_level, warehouse_shelf) VALUES (101031, 29, 'D-10-08');
INSERT INTO inventory (product_id, stock_level, warehouse_shelf) VALUES (101032, 30, 'E-10-09');
INSERT INTO inventory (product_id, stock_level, warehouse_shelf) VALUES (101033, 31, 'F-10-10');
INSERT INTO inventory (product_id, stock_level, warehouse_shelf) VALUES (101034, 32, 'A-10-11');
INSERT INTO inventory (product_id, stock_level, warehouse_shelf) VALUES (101035, 33, 'B-10-12');
INSERT INTO inventory (product_id, stock_level, warehouse_shelf) VALUES (101036, 34, 'C-10-00');
INSERT INTO inventory (product_id, stock_level, warehouse_shelf) VALUES (101037, 35, 'D-10-01');
INSERT INTO inventory (product_id, stock_level, warehouse_shelf) VALUES (101038, 36, 'E-10-02');
INSERT INTO inventory (product_id, stock_level, warehouse_shelf) VALUES (102001, 12, 'B-00-03');
INSERT INTO inventory (product_id, stock_level, warehouse_shelf) VALUES (102002, 13, 'C-00-04');
INSERT INTO inventory (product_id, stock_level, warehouse_shelf) VALUES (102003, 14, 'D-00-05');
INSERT INTO inventory (product_id, stock_level, warehouse_shelf) VALUES (102004, 15, 'E-00-06');
INSERT INTO inventory (product_id, stock_level, warehouse_shelf) VALUES (102005, 16, 'F-00-07');
INSERT INTO inventory (product_id, stock_level, warehouse_shelf) VALUES (102006, 17, 'A-00-08');
INSERT INTO inventory (product_id, stock_level, warehouse_shelf) VALUES (102007, 18, 'B-00-09');
INSERT INTO inventory (product_id, stock_level, warehouse_shelf) VALUES (102008, 19, 'C-00-10');
INSERT INTO inventory (product_id, stock_level, warehouse_shelf) VALUES (102009, 20, 'D-00-11');
INSERT INTO inventory (product_id, stock_level, warehouse_shelf) VALUES (102010, 21, 'E-00-12');
INSERT INTO inventory (product_id, stock_level, warehouse_shelf) VALUES (102011, 22, 'F-00-00');
INSERT INTO inventory (product_id, stock_level, warehouse_shelf) VALUES (102012, 23, 'A-00-01');
INSERT INTO inventory (product_id, stock_level, warehouse_shelf) VALUES (102013, 24, 'B-00-02');
INSERT INTO inventory (product_id, stock_level, warehouse_shelf) VALUES (102014, 25, 'C-00-03');
INSERT INTO inventory (product_id, stock_level, warehouse_shelf) VALUES (102015, 26, 'D-00-04');
INSERT INTO inventory (product_id, stock_level, warehouse_shelf) VALUES (102016, 27, 'E-00-05');
INSERT INTO inventory (product_id, stock_level, warehouse_shelf) VALUES (102017, 28, 'F-00-06');
INSERT INTO inventory (product_id, stock_level, warehouse_shelf) VALUES (102018, 29, 'A-00-07');
INSERT INTO inventory (product_id, stock_level, warehouse_shelf) VALUES (102019, 30, 'B-00-08');
INSERT INTO inventory (product_id, stock_level, warehouse_shelf) VALUES (102020, 31, 'C-00-09');
INSERT INTO inventory (product_id, stock_level, warehouse_shelf) VALUES (102021, 32, 'D-00-10');
INSERT INTO inventory (product_id, stock_level, warehouse_shelf) VALUES (102022, 33, 'E-00-11');
INSERT INTO inventory (product_id, stock_level, warehouse_shelf) VALUES (102023, 34, 'F-00-12');
INSERT INTO inventory (product_id, stock_level, warehouse_shelf) VALUES (102024, 35, 'A-00-00');
INSERT INTO inventory (product_id, stock_level, warehouse_shelf) VALUES (102025, 36, 'B-00-01');
INSERT INTO inventory (product_id, stock_level, warehouse_shelf) VALUES (102026, 37, 'C-00-02');
INSERT INTO inventory (product_id, stock_level, warehouse_shelf) VALUES (102027, 38, 'D-00-03');
INSERT INTO inventory (product_id, stock_level, warehouse_shelf) VALUES (102028, 39, 'E-00-04');
INSERT INTO inventory (product_id, stock_level, warehouse_shelf) VALUES (102029, 40, 'F-00-05');
INSERT INTO inventory (product_id, stock_level, warehouse_shelf) VALUES (102030, 41, 'A-00-06');
INSERT INTO inventory (product_id, stock_level, warehouse_shelf) VALUES (102031, 42, 'B-00-07');
INSERT INTO inventory (product_id, stock_level, warehouse_shelf) VALUES (102032, 43, 'C-00-08');
INSERT INTO inventory (product_id, stock_level, warehouse_shelf) VALUES (102033, 44, 'D-00-09');
INSERT INTO inventory (product_id, stock_level, warehouse_shelf) VALUES (102034, 45, 'E-00-10');
INSERT INTO inventory (product_id, stock_level, warehouse_shelf) VALUES (102035, 46, 'F-00-11');
INSERT INTO inventory (product_id, stock_level, warehouse_shelf) VALUES (102036, 47, 'A-00-12');
INSERT INTO inventory (product_id, stock_level, warehouse_shelf) VALUES (102037, 1, 'B-00-00');
INSERT INTO inventory (product_id, stock_level, warehouse_shelf) VALUES (102038, 2, 'C-00-01');
INSERT INTO inventory (product_id, stock_level, warehouse_shelf) VALUES (102039, 3, 'D-00-02');
INSERT INTO inventory (product_id, stock_level, warehouse_shelf) VALUES (102040, 4, 'E-00-03');
INSERT INTO inventory (product_id, stock_level, warehouse_shelf) VALUES (102041, 5, 'F-00-04');
INSERT INTO inventory (product_id, stock_level, warehouse_shelf) VALUES (102042, 6, 'A-00-05');
INSERT INTO inventory (product_id, stock_level, warehouse_shelf) VALUES (102043, 7, 'B-00-06');
INSERT INTO inventory (product_id, stock_level, warehouse_shelf) VALUES (102044, 8, 'C-00-07');
INSERT INTO inventory (product_id, stock_level, warehouse_shelf) VALUES (102045, 9, 'D-00-08');
INSERT INTO inventory (product_id, stock_level, warehouse_shelf) VALUES (102046, 10, 'E-00-09');
INSERT INTO inventory (product_id, stock_level, warehouse_shelf) VALUES (102047, 11, 'F-00-10');
INSERT INTO inventory (product_id, stock_level, warehouse_shelf) VALUES (102048, 12, 'A-00-11');
INSERT INTO inventory (product_id, stock_level, warehouse_shelf) VALUES (102049, 13, 'B-00-12');
INSERT INTO inventory (product_id, stock_level, warehouse_shelf) VALUES (102050, 14, 'C-00-00');
INSERT INTO inventory (product_id, stock_level, warehouse_shelf) VALUES (102051, 15, 'D-00-01');
INSERT INTO inventory (product_id, stock_level, warehouse_shelf) VALUES (102052, 16, 'E-00-02');
INSERT INTO inventory (product_id, stock_level, warehouse_shelf) VALUES (102053, 17, 'F-00-03');
INSERT INTO inventory (product_id, stock_level, warehouse_shelf) VALUES (102054, 18, 'A-00-04');
INSERT INTO inventory (product_id, stock_level, warehouse_shelf) VALUES (102055, 19, 'B-00-05');
INSERT INTO inventory (product_id, stock_level, warehouse_shelf) VALUES (102056, 20, 'C-00-06');
INSERT INTO inventory (product_id, stock_level, warehouse_shelf) VALUES (102057, 21, 'D-00-07');
INSERT INTO inventory (product_id, stock_level, warehouse_shelf) VALUES (102058, 22, 'E-00-08');
INSERT INTO inventory (product_id, stock_level, warehouse_shelf) VALUES (102059, 23, 'F-00-09');
INSERT INTO inventory (product_id, stock_level, warehouse_shelf) VALUES (102060, 24, 'A-00-10');
INSERT INTO inventory (product_id, stock_level, warehouse_shelf) VALUES (102061, 25, 'B-00-11');
INSERT INTO inventory (product_id, stock_level, warehouse_shelf) VALUES (103001, 25, 'F-10-02');
INSERT INTO inventory (product_id, stock_level, warehouse_shelf) VALUES (103002, 26, 'A-10-03');
INSERT INTO inventory (product_id, stock_level, warehouse_shelf) VALUES (103003, 27, 'B-10-04');
INSERT INTO inventory (product_id, stock_level, warehouse_shelf) VALUES (103004, 28, 'C-10-05');

COMMIT;
